Workbook

Sheet DEFINIÇÃO DA GEOMETRIA
B1: DEFINIÇÃO DE GEOMETRIA - ESCADAS (NR12)
B3: 3 | D3: Altura (Z)
B5: 3 | D5: Comprimento (X)
B7: =DEGREES(ATAN((B3)/(B5))) -> 45 | D7: Inclinação da Escada
B9: 1 | D9: Largura útil da Escada (Y) mínimo 0,6m
B11: 0.28 | D11: Profundidade do degrau (t)
B13: 0.18 | D13: Altura entre degraus (h) altura máxima 0,25m
B15: 0.015 | D15: Projeção do degrau (r) mínimo (0,015m)
B17: =B11-B15 -> 0.265 | D17: Profundidade livre do degrau (g)
B19: =SQRT(B13^2+B11^2) -> 0.33286634 | D19: Distância dos Degraus na longarina
B21: =(B5)/(COS(RADIANS(B7))) -> 4.2426407 | D21: Comprimento da Longarina
B23: =B21/B19 -> 12.745779 | D23: Quantidade de nós (deve ser um número inteiro)
B25: =B17+2*B13 -> 0.625 | D25: Verificação de profundidade x altura entre degraus (0,6 <= g +2h <= 0,66)

Sheet AÇÕES NA ESTRUTURA
B2: AÇÕES PERMANENTES
B4: 0.27 | C4: kN/m² | D4: CHAPA PISO XADREZ | I4: =B4*102 -> 27.54 | J4: kg/m²
B6: 0 | C6: kN/m² | D6: CONTRAPISO | I6: =B6*102 -> 0 | J6: kg/m²
B8: 0 | C8: kN/m² | D8: PISO CERÂMICO | I8: =B8*102 -> 0 | J8: kg/m²
B10: 0 | C10: kN/m² | D10: OUTROS | I10: =B10*102 -> 0 | J10: kg/m²
B12: =SUM(B4:B10) -> 0.27 | C12: kN/m² | D12: AÇÃO PERMANENTE TOTAL | I12: =B12*102 -> 27.54 | J12: kg/m²
B15: AÇÕES ACIDENTAIS
B17: 2.5 | C17: kN/m² | D17: PESSOAS | I17: =B17*102 -> 255 | J17: kg/m²
B19: 0 | C19: kN/m² | D19: OUTROS | I19: =B19*102 -> 0 | J19: kg/m²
B21: 0 | C21: kN/m² | D21: OUTROS | I21: =B21*102 -> 0 | J21: kg/m²
B23: =SUM(B17:B22) -> 2.5 | C23: kN/m² | D23: AÇÃO VARIÁVEL TOTAL | I23: =B23*102 -> 255 | J23: kg/m²

Sheet CARGA NOS DEGAUS
B1: Carga Distribuída nos Degraus
B3: dd | C3: ='DEFINIÇÃO DA GEOMETRIA'!B19 -> 0.33286634 | D3: m, distância entre degraus
B5: PP-1 | C5: ='AÇÕES NA ESTRUTURA'!B12 -> 0.27 | D5: kn/m², peso próprio da estrutura
B6: PPt/2 | C6: =C7/2 -> 0.044936956 | D6: kN/m, peso próprio linear linear lateral sobre a viga
B7: PPt | C7: =C5*C3 -> 0.089873912 | D7: kN/m, peso próprio linear linear total sobre a viga
B9: SC-1 | C9: ='AÇÕES NA ESTRUTURA'!B23 -> 2.5 | D9: kN/m²,sobrecargas distribuidas
B10: SC-1 | C10: =C11/2 -> 0.41608292 | D10: kN/m, sobrecarga distribuida linear lateral sobre a viga
B11: SCt-1 | C11: =C3*C9 -> 0.83216585 | D11: kN/m, sobrecarga distribuida linear total sobre a viga
C14: ='DEFINIÇÃO DA GEOMETRIA'!B11 -> 0.28 | D14: m, Profundidade do Degrau
C15: ='DEFINIÇÃO DA GEOMETRIA'!B9 -> 1 | D15: m, Largura do Degrau
C16: =C14*C15 -> 0.28 | D16: m², Área do Degrau
B17: Carga por nó
B18: PP | C18: =C16*C5 -> 0.0756 | D18: kN
B19: SC | C19: =C16*C9 -> 0.7 | D19: kN
